data-creator/Shawn/Shawn.9.jpg;0
data-creator/Shawn/Shawn.10.jpg;0
data-creator/Shawn/Shawn.6.jpg;0
data-creator/Shawn/Shawn.1.jpg;0
data-creator/Shawn/Shawn.7.jpg;0
data-creator/Shawn/Shawn.4.jpg;0
data-creator/Shawn/Shawn.5.jpg;0
data-creator/Shawn/Shawn.8.jpg;0
data-creator/Shawn/Shawn.2.jpg;0
data-creator/Shawn/Shawn.3.jpg;0
data-creator/ALEX/ALEX.1.jpg;1
data-creator/ALEX/ALEX.5.jpg;1
data-creator/ALEX/ALEX.8.jpg;1
data-creator/ALEX/ALEX.2.jpg;1
data-creator/ALEX/ALEX.6.jpg;1
data-creator/ALEX/ALEX.3.jpg;1
data-creator/ALEX/ALEX.7.jpg;1
data-creator/ALEX/ALEX.4.jpg;1
data-creator/ALEX/ALEX.9.jpg;1
data-creator/ALEX/ALEX.10.jpg;1
data-creator/KIM/KIM.4.jpg;2
data-creator/KIM/KIM.10.jpg;2
data-creator/KIM/KIM.9.jpg;2
data-creator/KIM/KIM.2.jpg;2
data-creator/KIM/KIM.6.jpg;2
data-creator/KIM/KIM.5.jpg;2
data-creator/KIM/KIM.7.jpg;2
data-creator/KIM/KIM.3.jpg;2
data-creator/KIM/KIM.8.jpg;2
data-creator/KIM/KIM.1.jpg;2
data-creator/LEWIS/LEWIS.4.jpg;3
data-creator/LEWIS/LEWIS.10.jpg;3
data-creator/LEWIS/LEWIS.7.jpg;3
data-creator/LEWIS/LEWIS.9.jpg;3
data-creator/LEWIS/LEWIS.3.jpg;3
data-creator/LEWIS/LEWIS.2.jpg;3
data-creator/LEWIS/LEWIS.8.jpg;3
data-creator/LEWIS/LEWIS.1.jpg;3
data-creator/LEWIS/LEWIS.6.jpg;3
data-creator/LEWIS/LEWIS.5.jpg;3
data-creator/James/James.4.jpg;4
data-creator/James/James.8.jpg;4
data-creator/James/James.9.jpg;4
data-creator/James/James.7.jpg;4
data-creator/James/James.1.jpg;4
data-creator/James/James.10.jpg;4
data-creator/James/James.5.jpg;4
data-creator/James/James.3.jpg;4
data-creator/James/James.6.jpg;4
data-creator/James/James.2.jpg;4
data-creator/Jonet/Jonet.7.jpg;5
data-creator/Jonet/Jonet.3.jpg;5
data-creator/Jonet/Jonet.10.jpg;5
data-creator/Jonet/Jonet.9.jpg;5
data-creator/Jonet/Jonet.6.jpg;5
data-creator/Jonet/Jonet.5.jpg;5
data-creator/Jonet/Jonet.8.jpg;5
data-creator/Jonet/Jonet.4.jpg;5
data-creator/Jonet/Jonet.2.jpg;5
data-creator/Jonet/Jonet.1.jpg;5
data-creator/Celine/Celine.6.jpg;6
data-creator/Celine/Celine.4.jpg;6
data-creator/Celine/Celine.9.jpg;6
data-creator/Celine/Celine.10.jpg;6
data-creator/Celine/Celine.8.jpg;6
data-creator/Celine/Celine.5.jpg;6
data-creator/Celine/Celine.2.jpg;6
data-creator/Celine/Celine.3.jpg;6
data-creator/Celine/Celine.1.jpg;6
data-creator/Celine/Celine.7.jpg;6
data-creator/RONNIE/RONNIE.2.jpg;7
data-creator/RONNIE/RONNIE.4.jpg;7
data-creator/RONNIE/RONNIE.6.jpg;7
data-creator/RONNIE/RONNIE.3.jpg;7
data-creator/RONNIE/RONNIE.7.jpg;7
data-creator/RONNIE/RONNIE.8.jpg;7
data-creator/RONNIE/RONNIE.9.jpg;7
data-creator/RONNIE/RONNIE.1.jpg;7
data-creator/RONNIE/RONNIE.10.jpg;7
data-creator/RONNIE/RONNIE.5.jpg;7
data-creator/Jaz/Jaz.7.jpg;8
data-creator/Jaz/Jaz.2.jpg;8
data-creator/Jaz/Jaz.1.jpg;8
data-creator/Jaz/Jaz.3.jpg;8
data-creator/Jaz/Jaz.9.jpg;8
data-creator/Jaz/Jaz.5.jpg;8
data-creator/Jaz/Jaz.10.jpg;8
data-creator/Jaz/Jaz.4.jpg;8
data-creator/Jaz/Jaz.8.jpg;8
data-creator/Jaz/Jaz.6.jpg;8
data-creator/JHANG/JHANG.6.jpg;9
data-creator/JHANG/JHANG.2.jpg;9
data-creator/JHANG/JHANG.7.jpg;9
data-creator/JHANG/JHANG.1.jpg;9
data-creator/JHANG/JHANG.10.jpg;9
data-creator/JHANG/JHANG.3.jpg;9
data-creator/JHANG/JHANG.5.jpg;9
data-creator/JHANG/JHANG.9.jpg;9
data-creator/JHANG/JHANG.4.jpg;9
data-creator/JHANG/JHANG.8.jpg;9
data-creator/GREG/GREG.2.jpg;10
data-creator/GREG/GREG.4.jpg;10
data-creator/GREG/GREG.10.jpg;10
data-creator/GREG/GREG.3.jpg;10
data-creator/GREG/GREG.9.jpg;10
data-creator/GREG/GREG.8.jpg;10
data-creator/GREG/GREG.1.jpg;10
data-creator/GREG/GREG.5.jpg;10
data-creator/GREG/GREG.6.jpg;10
data-creator/GREG/GREG.7.jpg;10
data-creator/shawn/shawn.10.jpg;11
data-creator/shawn/shawn.4.jpg;11
data-creator/shawn/shawn.3.jpg;11
data-creator/shawn/shawn.2.jpg;11
data-creator/shawn/shawn.5.jpg;11
data-creator/shawn/shawn.1.jpg;11
data-creator/shawn/shawn.7.jpg;11
data-creator/shawn/shawn.6.jpg;11
data-creator/shawn/shawn.8.jpg;11
data-creator/shawn/shawn.9.jpg;11
data-creator/Jm/Jm.1.jpg;12
data-creator/Jm/Jm.4.jpg;12
data-creator/Jm/Jm.2.jpg;12
data-creator/Jm/Jm.5.jpg;12
data-creator/Jm/Jm.6.jpg;12
data-creator/Jm/Jm.3.jpg;12
data-creator/Jm/Jm.8.jpg;12
data-creator/Jm/Jm.9.jpg;12
data-creator/Jm/Jm.7.jpg;12
data-creator/Jm/Jm.10.jpg;12
data-creator/DANICA/DANICA.2.jpg;13
data-creator/DANICA/DANICA.6.jpg;13
data-creator/DANICA/DANICA.1.jpg;13
data-creator/DANICA/DANICA.10.jpg;13
data-creator/DANICA/DANICA.3.jpg;13
data-creator/DANICA/DANICA.5.jpg;13
data-creator/DANICA/DANICA.8.jpg;13
data-creator/DANICA/DANICA.4.jpg;13
data-creator/DANICA/DANICA.9.jpg;13
data-creator/DANICA/DANICA.7.jpg;13
